<?xml version="1.0" encoding="UTF-8" standalone="yes"?>
<results>
    <jobfiles>
        <jobfile>
            <downloadUri>
                <url>https://nsgr.sdsc.edu:8443/cipresrest/v1/job/dt.young112@gmail.com/NGBW-JOB-EEGLAB_TG-E5243F0196974CC78D2B0D01C967197E/output/33978</url>
                <rel>fileDownload</rel>
                <title>STDOUT</title>
            </downloadUri>
            <jobHandle>NGBW-JOB-EEGLAB_TG-E5243F0196974CC78D2B0D01C967197E</jobHandle>
            <filename>STDOUT</filename>
            <length>10427</length>
            <parameterName>PROCESS_OUTPUT</parameterName>
            <outputDocumentId>33978</outputDocumentId>
        </jobfile>
        <jobfile>
            <downloadUri>
                <url>https://nsgr.sdsc.edu:8443/cipresrest/v1/job/dt.young112@gmail.com/NGBW-JOB-EEGLAB_TG-E5243F0196974CC78D2B0D01C967197E/output/33979</url>
                <rel>fileDownload</rel>
                <title>STDERR</title>
            </downloadUri>
            <jobHandle>NGBW-JOB-EEGLAB_TG-E5243F0196974CC78D2B0D01C967197E</jobHandle>
            <filename>STDERR</filename>
            <length>305</length>
            <parameterName>PROCESS_OUTPUT</parameterName>
            <outputDocumentId>33979</outputDocumentId>
        </jobfile>
        <jobfile>
            <downloadUri>
                <url>https://nsgr.sdsc.edu:8443/cipresrest/v1/job/dt.young112@gmail.com/NGBW-JOB-EEGLAB_TG-E5243F0196974CC78D2B0D01C967197E/output/33980</url>
                <rel>fileDownload</rel>
                <title>nsgresults_TestingEEGLABNSG906.tar.gz</title>
            </downloadUri>
            <jobHandle>NGBW-JOB-EEGLAB_TG-E5243F0196974CC78D2B0D01C967197E</jobHandle>
            <filename>nsgresults_TestingEEGLABNSG906.tar.gz</filename>
            <length>7749430</length>
            <parameterName>outputfile</parameterName>
            <outputDocumentId>33980</outputDocumentId>
        </jobfile>
        <jobfile>
            <downloadUri>
                <url>https://nsgr.sdsc.edu:8443/cipresrest/v1/job/dt.young112@gmail.com/NGBW-JOB-EEGLAB_TG-E5243F0196974CC78D2B0D01C967197E/output/33981</url>
                <rel>fileDownload</rel>
                <title>scheduler_stderr.txt</title>
            </downloadUri>
            <jobHandle>NGBW-JOB-EEGLAB_TG-E5243F0196974CC78D2B0D01C967197E</jobHandle>
            <filename>scheduler_stderr.txt</filename>
            <length>695</length>
            <parameterName>outputfile</parameterName>
            <outputDocumentId>33981</outputDocumentId>
        </jobfile>
        <jobfile>
            <downloadUri>
                <url>https://nsgr.sdsc.edu:8443/cipresrest/v1/job/dt.young112@gmail.com/NGBW-JOB-EEGLAB_TG-E5243F0196974CC78D2B0D01C967197E/output/33982</url>
                <rel>fileDownload</rel>
                <title>scheduler_stdout.txt</title>
            </downloadUri>
            <jobHandle>NGBW-JOB-EEGLAB_TG-E5243F0196974CC78D2B0D01C967197E</jobHandle>
            <filename>scheduler_stdout.txt</filename>
            <length>506</length>
            <parameterName>outputfile</parameterName>
            <outputDocumentId>33982</outputDocumentId>
        </jobfile>
    </jobfiles>
</results>
